year,subject,medal,paper_title,pdf_url,local_file
,化学奖,金奖,Facile Fabrication of Silicon Carbide Spheres and Its Application in Polymer Composites with Enhanced Thermal Conductivity,,
,化学奖,银奖,Novel 4D-Coding System Based on Circularly Polarized Luminescent Pt Complexes,,
,化学奖,铜奖,Non-gaseous Synthesis of Therapeutic Carbon Monoxide Releasing Molecule CORM-02,,
,化学奖,铜奖,An electrochemical aptasensor based on target-induced nicking site reconstruction strategy for the detection of milk allergen β-lactoglobulin,,
,化学奖,铜奖,Design and Synthesis of 3-D Reduced Graphene Oxide Foam for Highperformance Supercapacitor Electrodes,,
,化学奖,铜奖,pH Adjustable Dye Adsorption and Recycle by Electrostatic Interaction,,
,化学奖,优胜奖,Total Removal of Formaldehyde indoor by Al-based Metal-Organic Framework Decorated with Pt Nanoclusters via Tandem Adsorption and Catalysis,,
,化学奖,优胜奖,Facile Preparation of Hierarchically Porous MOFs Materials for CO2/CH4 Separation,,
,化学奖,优胜奖,Ferrous Ion Immobilized Carbon Dots Fluorescent Sensing Platform for Homogeneous Glucose Detection based on Fenton Reaction,,
,化学奖,优胜奖,The Release of Antimony in Bottled Beverages and Health Risk Assessment,,
,化学奖,金奖,"Facile Green Synthesis of
Titanium Dioxide/Polymer Nanocomposites with Enhanced Photocatalytic Activity",,
,化学奖,银奖,"Fast synthesis of the
iridium(III) complexes at room temperature for high-performance OLEDs",,
,化学奖,优胜奖,"Wearable Textile-based Direct
Urea Fuel Cell",,
,数学奖,金奖,A Study of the Carathéodory Conjecture through Non-Rotationally Symmetric Surfaces,,
,数学奖,银奖,Investigation on i -commuting probabilities on finite groups,,
,数学奖,铜奖,O(1) Algorithm for Calculating Prefix Sum of Fibonacci Words,,
,数学奖,铜奖,On Finite Subgroups in the General Linear Groups over an Algebraic Number Field,,
,数学奖,铜奖,Types of graphs generated by Pascal’s simplices and a problem proposed by Teguia and Godbole,,
,数学奖,优胜奖,Disjoint Cycles in Ordinary Multipartite Tournaments and Round-Robin Tournaments,,
,数学奖,优胜奖,On the coprime labelings of hypergraph,,
,数学奖,优胜奖,Properties to Determine Inscribed Ellipses of Polygons,,
,数学奖,优胜奖,Monotonicity formula on cigar soliton,,
,数学奖,优胜奖,A study of the 2-dimensional inverse problem of Thomson,,
,数学奖,金奖,Ricci-flat 5-regular graphs,,
,数学奖,银奖,"A Study on Möbius Function and
Euler’s Totient of Order K",,
,数学奖,铜奖,"Positioning of Air Pollutant
Sources",,
,数学奖,优胜奖,"Enumerating Permutations and
Rim Hooks Characterized by Double Descent Sets",,
,数学奖,金奖,"On a Lower Bound for the
Energy Functional for a Certain Family of Lagrangian Tori in CP^2",,
,数学奖,银奖,"Geometric Data Analysis
based on Optimal Mass Transportation",,
,数学奖,铜奖,"The Hardness of Finding
Hamiltonian Cycle in Grids Graphs of Semiregular Tessellations",,
,数学奖,优胜奖,"Linear Upper Bound on the
Ribbonlength of Torus Knots and Twist Knots",,
,数学奖,入围奖,"On the Polynomial Sharp Upper
Estimate Conjecture in 8-dimensional Simplex",,
,数学奖,金奖,On the Square-free Numbers in Shifted Primes,,
,数学奖,银奖,t(α^n-β^n)不同素因子个数分析以及狄利克雷定理的一个特例,,
,数学奖,银奖,"Separating Mixed Signals in a Noisy Environment
Using Global Optimization",,
,数学奖,铜奖,凸四边形外接椭圆及其性质研究,,
,数学奖,铜奖,基于贝叶斯理论的微博僵尸粉识别研究,,
,数学奖,铜奖,一类不等式的研讨,,
,数学奖,铜奖,"Extremal Functions of Forbidden Multidimensional
Matrices",,
,数学奖,铜奖,"A GENERALIZATION OF G-PARKING FUNCTIONS AND RELATED
ALGEBRAS",,
,数学奖,优胜奖,论内摆线与类摆线的相对周期与长期行为,,
,数学奖,优胜奖,The Diameter Estimation for Connected Simple Graph,,
,数学奖,优胜奖,组合恒等式新探,,
,数学奖,优胜奖,A stone-picking game,,
,物理奖,金奖,Physical Mechanism and Governing Factors of Spontaneous Knotting of Strings,,
,物理奖,银奖,THE EFFECTIVENSS OF BIOMIMETIC SINUSOIDAL LEADING EDGE IN IMPROVING STABILITY PERFORMANCE OF CONTROL-LINE AIR MODLE PLANE,,
,物理奖,铜奖,An Investigation of a Dark Sector Interaction Model to Solve the Hubble Tension,,
,物理奖,铜奖,Concave Pinhole-mirror for Near-eye Display,,
,物理奖,铜奖,Study on Polygon Vortex,,
,物理奖,优胜奖,“Singing” Tube —- Excitation and Resonance of Airflow in Corrugated Cavity,,
,物理奖,优胜奖,Discovery of a galactic fountain driven by the greatest population of massive stars,,
,物理奖,优胜奖,Physical properties and dynamical features of branched flow of light,,
,物理奖,优胜奖,Dynamic Analysis of a Coupled Looping Pendulum System,,
,物理奖,优胜奖,A Two-Phase Flow Phenomenon,,
,物理奖,金奖,"Research on the Dynamic
Behavior about the Ejection Process of a Woven Popsicle Stick Cyclic Chain",,
,物理奖,银奖,Patterns and Symmetries in Spiking Neural Networks,,
,物理奖,铜奖,Ultrasonic dynamic level detector,,
,物理奖,优胜奖,"Study of the Influence of
Individual Characteristics and Running Habits of Runners on Foot Mechanical Response",,
,物理奖,金奖,"Two-dimensional Plate Vibration Theory, Vibration Mode Measurement and Particle
Dynamics",,
,物理奖,银奖,对手持式搅拌器“拎起”液体现象的探究/ Investigation on Blender Lift Effect,,
,物理奖,铜奖,"大足鼠耳蝠外耳对回波调控的实验性探究/ Experimental exploration of
echo manipulation of the outer ears in a Rickett’s big-footed bat",,
,物理奖,优胜奖,"利用激光束阵列实时测量水波3D形貌的研究/ Real-time Measurement of Three-Dimensional Morphology of Water Wave by a
Laser Beam Array",,
,物理奖,入围奖,"The
Science of Catenary",,
,物理奖,,Paper Plane Aerodynamics,,
,生物奖,金奖,Ants’ nestmate recognition ability based on visual cue perception,,
,生物奖,银奖,"The research on the Aerodynamics, Structural color and Hydrophobicity of five butterfly scales",,
,生物奖,铜奖,Modeling the Effect of Histone Methylation on Chromosomal Organization in Colon Cancer Cells,,
,生物奖,铜奖,Single-cell RNA Sequencing Analysis of Human Neural Grafts Revealed Unexpected Cell Type Underlying the Genetic Risk of Parkinson’s Disease,,
,生物奖,铜奖,Prediction Modeling of Children Autism and Application in Diagnosis,,
,生物奖,优胜奖,Biodegradation of Styrofoam by Larvae of Tenebrio molitor,,
,生物奖,优胜奖,Effect and mechanism of Ginsenoside Rg1 on inhibition of microglia activation in the treatment of ketamine abuse induced mental disorders,,
,生物奖,优胜奖,HCR Utilization in Triggered Assembly of DNA Nanotube Structure,,
,生物奖,优胜奖,A Fusion of Artificial Spidroin and Mussel Foot Protein That Retains High Adhesion and Natural Glue Formation Ability,,
,生物奖,优胜奖,Identification and Genetic Signature Analysis of Exonic SNVs in Intellectual Disability,,
,生物奖,金奖,"Evolution of Respiratory
Proteins in Hexapoda (Insecta)",,
,生物奖,银奖,"Seeking Neoantigen Candidates within Retained
Introns",,
,生物奖,铜奖,"Pteryxin suppresses hepatocellular carcinoma by
targeting HIF 1α and glucose metabolism",,
,生物奖,优胜奖,"A method to recognize
universal patterns in genome structure using Hi-C",,
,生物奖,金奖,"探究捕蝇草捕虫裂片的夹合机制/ Optimized methodologies
evoked new mechanism of the Venus Flytrap’s closure",,
,生物奖,银奖,"一种新模式生物的生物学研究_迷你网柄菌的分类、个体发育及分子系统学的研究/ Biological researches on a new species of model
organism — taxonomy, ontogeny and molecular phylogenetic studies of
Dictyostelium minimum",,
,生物奖,铜奖,"植物激素Jasmonates产生极性信号传递，调节茅膏菜捕虫运动过程/ PHYTOHORMONE JASMONATES TRIGGER POLAR SIGNAL
TRANSPORT AND REGULATE INSECT-TRAPPING MOVEMENT IN DROSERA",,
,生物奖,优胜奖,"病毒与肠道微生物的秘密—H9N2亚型禽流感病毒促进小鼠肠道菌群易位的机理研究/ The secret of virus and intestinal microflora—A
study on the mechanism of intestinal microflora translocation post H9N2
AIV-infection in mice",,
,生物奖,入围奖,"芦苇生物炭负载银的杀菌效果应用研究/ The bactericidal efficacy of
reed-derived biochar loaded with silver particles",,
,经济金融建模奖,金奖,An Agency-Based Theory,,
,经济金融建模奖,银奖,On Two-sided Matching in Infinite Markets,,
,经济金融建模奖,铜奖,On Optimal Favoritism in Asymmetric Competitions,,
,经济金融建模奖,铜奖,Do Girls Benefit More?,,
,经济金融建模奖,铜奖,Empirical Analysis from Dianping Data,,
,经济金融建模奖,铜奖,Pricing Analysis of Intelligent Express Cabinet Industry Based on Two-sided Market Theory,,
,经济金融建模奖,优胜奖,Research In Response To COVID-19 Outbreak In Wuhan Of Patients And Resources’ Optimal Allocation Scheme Based On Nonlinear Programming,,
,经济金融建模奖,优胜奖,An Empirical Study in the Chinese Stock Market,,
,经济金融建模奖,优胜奖,The Case of Brexit’s Influence on British Corporate Bond Performance,,
,经济金融建模奖,优胜奖,Evidence from a novel directed tree approach,,
,经济金融建模奖,优胜奖,Facile Fabrication of Silicon Carbide Spheres and Its Application in Polymer Composites with Enhanced Thermal Conductivity,,
,经济金融建模奖,银奖,"Does Import Competition From
China Impact Political Ideology in the U.S.? Evidence From China’s Accession to
the World Trade Organisation",,
,经济金融建模奖,铜奖,"All-Pay Auctions with
Different Forfeits",,
,经济金融建模奖,优胜奖,"Group
Theory and Megaminx",,
,经济金融建模奖,银奖,"Equichordal
Curves on Simply Connected Surfaces of Constant Curvature",,
,经济金融建模奖,铜奖,"On
maximum area of the polygons with given side lengths",,
,经济金融建模奖,优胜奖,"Directed
graph method for intelligent vehicle to orderly pass through unsignalized
intersection and its application",,
,经济金融建模奖,入围奖,"The
Multi-objective Optimization of Predicative Scheduling for High Profitable
Passengers Seeking Based onSpatial-temporal feature of Taxi GPS Big Data",,
,经济金融建模奖,金奖,"The
Study of Movement Models of Chinese Traditional Water Sleeves",,
,经济金融建模奖,银奖,"Experiment
study on motion mechanism of a straw placed in carbonated water",,
,经济金融建模奖,优胜奖,"The
rolling motion of constrained three-dimensional rigid bodies",,
,经济金融建模奖,入围奖,"Principle
and Design of Optical Path for Ultra-short Femtosecond Laser Pulse Width
Measurement",,
,经济金融建模奖,金奖,"The
abnormal shrinkage of water volume and the mechanism",,
,经济金融建模奖,银奖,"In
Vivo Tracing of The Effect of Microplastic Pollution on Salicylic Acids and
Organophosphorus Pesticides Uptake in Aloe",,
,经济金融建模奖,优胜奖,"Research
on the Conversion of Waste Straw into High-octane Gasoline",,
,经济金融建模奖,入围奖,"Controlled
Release of Methotrexate from Nanofibers Prepared via Emulsion and Electrospinning",,
,经济金融建模奖,金奖,"Designed
3D scanning system to achieve the spatial uniformity of the optimal pressure
value of pressure therapy",,
,经济金融建模奖,银奖,"The
reduction of Caenorhabditis elegans offspring’s learning ability caused by
ethanol stimulation and possible correlations with epigenetic modification of
synaptic function-related genes",,
,经济金融建模奖,铜奖,"Study
on a Novel Analgesic Peptide from the Digestive Juice of Land Leeches",,
,经济金融建模奖,优胜奖,"Isolation
of antiphytopathogenic bacteria from soils in Beijing and initial investigation
of their antifungal activity",,
,经济金融建模奖,入围奖,"Discovery
of a new way for efficient synthesis of nano-selenium by microalgae",,
,经济金融建模奖,金奖,"SO2
emission prediction of Huangtai power plant using variable selection and BP
nerual network",,
,经济金融建模奖,银奖,"Bicycle-sharing
Smart Lock System",,
,经济金融建模奖,铜奖,"Deep
Neural Network Based Subspace Learning of Robotic Manipulator Workspace Mapping",,
,经济金融建模奖,优胜奖,Conditional Facial Image Generation and Adjustment,,
,经济金融建模奖,入围奖,"Developing
a Portable Telerehabilitation system for Knee Replacement Patients",,
,经济金融建模奖,金奖,"A Case Study of Understanding Museum
Visiting Behavior",,
,经济金融建模奖,银奖,"The Modeling
of Water Resources in China",,
,经济金融建模奖,铜奖,"A
Study on Constructing Credit Card Fraud Detection Models",,
,经济金融建模奖,优胜奖,"Evaluation
and Prediction of Cell Phone Sales Based on Various Techniques",,
,经济金融建模奖,入围奖,"Evidence
from China",,
,计算机奖,金奖,Diagnosing Aging-related Cerebral Small Vessel Disease via Behavior Analysis in Trail Making Tests,,
,计算机奖,银奖,Cross-Age Face Recognition Based on Deep Neural Network with Multi-Stage Feature Decomposition,,
,计算机奖,铜奖,Digital Wearable Solution for Social Distancing using Artificial Intelligence,,
,计算机奖,铜奖,A Method of Electronic Line Calling of Tennis based on Monocular Vision,,
,计算机奖,铜奖,Improve 3D Semantic Segmentation in the Context of Autonomous Driving with Dense Correspondence,,
,计算机奖,优胜奖,Optimal Solutions and Ranks in the Max-Cut SDP,,
,计算机奖,优胜奖,Multi-Scale Visual Saliency Aggregation Network for Skin Cancer Recognition,,
,计算机奖,优胜奖,Solving Pediatric Vehicular Heatstroke with Efficient Multi-Cascaded Convolutional Neural Networks,,
,计算机奖,优胜奖,Voice Interactive Monitoring System For The Elderly Based on ScratchPI and Cloud Computing,,
,计算机奖,优胜奖,Development and Research of Controllable Theme Rhyming Lyric Generation System Based on GPT-2 Model,,
,计算机奖,金奖,"Implicit Bitrate Optimization via ADMM-based Pruning in
Compressive Autoencoders",,
,计算机奖,银奖,"Differentially Private M-band
Wavelet Based Mechanisms in Machine Learning Environments",,
,计算机奖,铜奖,"New Gene Mutation Detection
System for Sanger Sequencing Data",,
,计算机奖,优胜奖,"Sentiment Aware Neural Machine
Translation",,
,计算机奖,金奖,"基于GeoGebra自动作图的几何讲题工具研究/ A study of geometry lecturing tool  based on
GeoGebra automatic plotting",,
,计算机奖,银奖,通用电源适配协议（UPP)及其实现/ UPP & Its Implementation,,
,计算机奖,铜奖,"低成本手语手套设计与中等词汇量连续手语识别/ The Design of Low-cost Data
Glove and Research on Medium Vocabulary Continuous Gesture Language Recognition",,
,计算机奖,优胜奖,基于WGAN的汉字风格迁移/ Chinese Characters Style Transfer Using WGAN,,
,计算机奖,入围奖,"基于GeoGebra自动作图的几何讲题工具研究/ A study of geometry lecturing tool  based
on GeoGebra automatic plotting",,
2013,数学奖,,足球弧线球的数学分析方法,http://www.yau-awards.org/paper/%E7%AC%AC%E5%85%AD%E5%B1%8A%E4%B8%98%E6%88%90%E6%A1%90%E4%B8%AD%E5%AD%A6%E6%95%B0%E5%AD%A6%E5%A5%96%E8%B5%9B%E5%8C%BA%E8%AE%BA%E6%96%87/N/N11.%E8%B6%B3%E7%90%83%E5%BC%A7%E7%BA%BF%E7%90%83%E7%9A%84%E6%95%B0%E5%AD%A6%E5%88%86%E6%9E%90%E6%96%B9%E6%B3%95.pdf,
2013,数学奖,,一类 Pell 方程的可解性研究,http://www.yau-awards.org/paper/%E7%AC%AC%E5%85%AD%E5%B1%8A%E4%B8%98%E6%88%90%E6%A1%90%E4%B8%AD%E5%AD%A6%E6%95%B0%E5%AD%A6%E5%A5%96%E8%B5%9B%E5%8C%BA%E8%AE%BA%E6%96%87/N/N06.%E4%B8%80%E7%B1%BBPell%E6%96%B9%E7%A8%8B%E7%9A%84%E5%8F%AF%E8%A7%A3%E6%80%A7%E7%A0%94%E7%A9%B6.doc,
2013,数学奖,,Quantum Watermarking in M-band Wavelet Domain,http://www.yau-awards.org/paper/%E7%AC%AC%E5%85%AD%E5%B1%8A%E4%B8%98%E6%88%90%E6%A1%90%E4%B8%AD%E5%AD%A6%E6%95%B0%E5%AD%A6%E5%A5%96%E8%B5%9B%E5%8C%BA%E8%AE%BA%E6%96%87/N/N03.Quantum%20Watermarking%20in%20M-band%20Wavelet%20Domain.pdf,
2013,数学奖,,关于 “ 青蛙跳几次，一米徘徊 ” 概率问题的研究,http://www.yau-awards.org/paper/%E7%AC%AC%E5%85%AD%E5%B1%8A%E4%B8%98%E6%88%90%E6%A1%90%E4%B8%AD%E5%AD%A6%E6%95%B0%E5%AD%A6%E5%A5%96%E8%B5%9B%E5%8C%BA%E8%AE%BA%E6%96%87/N/N15.%E5%85%B3%E4%BA%8E,
2013,数学奖,,高层建筑安全疏散问题的研究及泛函背景下疏散方案设计的尝试,http://www.yau-awards.org/paper/%E7%AC%AC%E5%85%AD%E5%B1%8A%E4%B8%98%E6%88%90%E6%A1%90%E4%B8%AD%E5%AD%A6%E6%95%B0%E5%AD%A6%E5%A5%96%E8%B5%9B%E5%8C%BA%E8%AE%BA%E6%96%87/E/E10.%E9%AB%98%E5%B1%82%E5%BB%BA%E7%AD%91%E5%AE%89%E5%85%A8%E7%96%8F%E6%95%A3%E9%97%AE%E9%A2%98%E7%9A%84%E7%A0%94%E7%A9%B6%E5%8F%8A%E6%B3%9B%E5%87%BD%E8%83%8C%E6%99%AF%E4%B8%8B%E7%96%8F%E6%95%A3%E6%96%B9%E6%A1%88%E8%AE%BE%E8%AE%A1%E7%9A%84%E5%B0%9D%E8%AF%95.pdf,
2013,数学奖,,形如 ax+bx=cx 的简单指数方程解的无理性判定,http://www.yau-awards.org/paper/%E7%AC%AC%E5%85%AD%E5%B1%8A%E4%B8%98%E6%88%90%E6%A1%90%E4%B8%AD%E5%AD%A6%E6%95%B0%E5%AD%A6%E5%A5%96%E8%B5%9B%E5%8C%BA%E8%AE%BA%E6%96%87/E/E06.%E5%BD%A2%E5%A6%82ax+bx=cx%E7%9A%84%E7%AE%80%E5%8D%95%E6%8C%87%E6%95%B0%E6%96%B9%E7%A8%8B%E8%A7%A3%E7%9A%84%E6%97%A0%E7%90%86%E6%80%A7%E5%88%A4%E5%AE%9A.pdf,
2013,数学奖,,基于基本体格检查提出综合肥胖指数的分析与应用,http://www.yau-awards.org/paper/%E7%AC%AC%E5%85%AD%E5%B1%8A%E4%B8%98%E6%88%90%E6%A1%90%E4%B8%AD%E5%AD%A6%E6%95%B0%E5%AD%A6%E5%A5%96%E8%B5%9B%E5%8C%BA%E8%AE%BA%E6%96%87/E/E15.%E5%9F%BA%E4%BA%8E%E5%9F%BA%E6%9C%AC%E4%BD%93%E6%A0%BC%E6%A3%80%E6%9F%A5%E6%8F%90%E5%87%BA%E7%BB%BC%E5%90%88%E8%82%A5%E8%83%96%E6%8C%87%E6%95%B0%E7%9A%84%E5%88%86%E6%9E%90%E4%B8%8E%E5%BA%94%E7%94%A8.pdf,
2013,数学奖,,Leslie 修正模型在南京市人口预测中的应用,http://www.yau-awards.org/paper/%E7%AC%AC%E5%85%AD%E5%B1%8A%E4%B8%98%E6%88%90%E6%A1%90%E4%B8%AD%E5%AD%A6%E6%95%B0%E5%AD%A6%E5%A5%96%E8%B5%9B%E5%8C%BA%E8%AE%BA%E6%96%87/E/E19.Leslie%E4%BF%AE%E6%AD%A3%E6%A8%A1%E5%9E%8B%E5%9C%A8%E5%8D%97%E4%BA%AC%E5%B8%82%E4%BA%BA%E5%8F%A3%E9%A2%84%E6%B5%8B%E4%B8%AD%E7%9A%84%E5%BA%94%E7%94%A8.doc,
2013,数学奖,,三角形中神奇的点,http://www.yau-awards.org/paper/%E7%AC%AC%E5%85%AD%E5%B1%8A%E4%B8%98%E6%88%90%E6%A1%90%E4%B8%AD%E5%AD%A6%E6%95%B0%E5%AD%A6%E5%A5%96%E8%B5%9B%E5%8C%BA%E8%AE%BA%E6%96%87/E/E24.%E4%B8%89%E8%A7%92%E5%BD%A2%E4%B8%AD%E7%A5%9E%E5%A5%87%E7%9A%84%E7%82%B9.doc,
2013,数学奖,,地图投影变换在全球一张图量算中的应用,http://www.yau-awards.org/paper/%E7%AC%AC%E5%85%AD%E5%B1%8A%E4%B8%98%E6%88%90%E6%A1%90%E4%B8%AD%E5%AD%A6%E6%95%B0%E5%AD%A6%E5%A5%96%E8%B5%9B%E5%8C%BA%E8%AE%BA%E6%96%87/N/N02.%E5%9C%B0%E5%9B%BE%E6%8A%95%E5%BD%B1%E5%8F%98%E6%8D%A2%E5%9C%A8%E5%85%A8%E7%90%83%E4%B8%80%E5%BC%A0%E5%9B%BE%E9%87%8F%E7%AE%97%E4%B8%AD%E7%9A%84%E5%BA%94%E7%94%A8.pdf,
2019,化学奖,金奖,The abnormal shrinkage of water volume and the mechanism,http://www.yau-awards.science/wp-content/uploads/2019/01/%E5%8C%96%E5%AD%A605.203-%E6%9D%8E%E8%8B%B1%E9%AA%A5.pdf,
2019,化学奖,银奖,In Vivo Tracing of The Effect of Microplastic Pollution on Salicylic Acids and Organophosphorus Pesticides Uptake in Aloe,http://www.yau-awards.science/wp-content/uploads/2019/01/%E5%8C%96%E5%AD%A601.17-%E5%A7%9A%E6%B2%90%E5%9E%A0.pdf,
2019,化学奖,,Fabrication and mechanism of reversible wettability (hydrophilic-oleophilic) sponge,http://www.yau-awards.science/wp-content/uploads/2019/01/%E5%8C%96%E5%AD%A612.1111-%E5%88%98%E4%B8%81%E8%8F%A1.pdf,
2019,化学奖,,Preparation of Tumor Hypoxia Sensitive Nanomotors,http://www.yau-awards.science/wp-content/uploads/2019/01/%E5%8C%96%E5%AD%A606.283-%E7%8E%8B%E6%B3%BD%E5%AE%87.pdf,
2019,化学奖,,Synthesis and characterization of AIE-active chiral binaphthol derivatives for OLEDs with circularly polarized luminescence,http://www.yau-awards.science/wp-content/uploads/2019/01/%E5%8C%96%E5%AD%A603.184-%E5%BC%A0%E6%B5%B7%E5%B9%B3.pdf,
2019,化学奖,,"New use of drug, Galanthamine as both Amyloid-Beta inhibitor and AChE inhibitor",http://www.yau-awards.science/wp-content/uploads/2019/01/%E5%8C%96%E5%AD%A614.1372-%E8%8C%83%E6%96%87%E6%A5%B7.pdf,
2019,化学奖,,Synthesis of Highly Functionalized  Quinoline Derivatives via the Ring-Expansion Reaction of Indole Derivatives,http://www.yau-awards.science/wp-content/uploads/2019/01/%E5%8C%96%E5%AD%A611.950-%E9%92%9F%E4%B8%AD%E6%97%A5.pdf,
2019,化学奖,,Silk Derived Highly Dispersed Ni supported by N-Doped Carbon Nanosheet toward Electrochemical CO2 Reduction,http://www.yau-awards.science/wp-content/uploads/2019/01/%E5%8C%96%E5%AD%A609.770.-%E8%83%A1%E8%AF%97%E6%88%90.pdf,
2019,化学奖,,Achieving Freestanding Rich-Mixed-Valence MnxCoySz/CNT Film Electrodes Toward Foldable Ultrahigh Volume Energy Density All-Solid-State Supercapacitors,http://www.yau-awards.science/wp-content/uploads/2019/01/%E5%8C%96%E5%AD%A608.733-%E5%91%A8%E9%98%85%E5%BE%AE.pdf,
2019,化学奖,优胜奖,Research on the Conversion of Waste Straw into High-octane Gasoline,http://www.yau-awards.science/wp-content/uploads/2019/01/%E5%8C%96%E5%AD%A607.534-%E6%BD%98%E7%B4%AB%E7%90%AA.pdf,
2019,化学奖,,Study on Electrochemical Performance of Bifunctional Composite Catalysts Based on Pt and SrCo0.95P0.05O3-δ,http://www.yau-awards.science/wp-content/uploads/2019/01/%E5%8C%96%E5%AD%A602.98-%E5%91%A8%E5%AD%90%E5%87%8C.pdf,
2019,化学奖,,Study on the Synthesis and Superconductivity of BaPb0.60Bi0.40O3 Doped with Potassium,http://www.yau-awards.science/wp-content/uploads/2019/01/%E5%8C%96%E5%AD%A604.1215-%E5%BC%A0%E7%A6%8F%E7%8E%89.pdf,
2019,化学奖,,Controlled Preparation of Porous Solid Base and Experimental Study on Synthesis of New Energy by Transesterification,http://www.yau-awards.science/wp-content/uploads/2019/01/%E5%8C%96%E5%AD%A610.851-%E4%B8%81%E5%98%89%E9%B9%8F.pdf,
2019,化学奖,入围奖,Controlled Release of Methotrexate from Nanofibers Prepared via Emulsion and Electrospinning,http://www.yau-awards.science/wp-content/uploads/2019/01/%E5%8C%96%E5%AD%A613.197-%E5%AE%8B%E6%9E%97%E8%BD%A9.pdf,
2019,数学奖,优胜奖,Group Theory and Megaminx,http://www.yau-awards.science/wp-content/uploads/2019/01/%E6%95%B0%E5%AD%A615.1402-Gerald-Jiarong-Xu.pdf,
2019,数学奖,银奖,Equichordal Curves on Simply Connected Surfaces of Constant Curvature,http://www.yau-awards.science/wp-content/uploads/2019/01/%E6%95%B0%E5%AD%A606.411-%E6%9D%8E%E5%B2%B3%E6%A1%90.pdf,
2019,数学奖,,Pancyclicity and Cycle Length Distribution of Generalized Petersen Graphs,http://www.yau-awards.science/wp-content/uploads/2019/01/%E6%95%B0%E5%AD%A602.63-%E9%99%88%E5%85%86%E5%90%9B.pdf,
2019,数学奖,,Second and Higher Gonalities of Erdős–Rényi Random Graphs,http://www.yau-awards.science/wp-content/uploads/2019/01/%E6%95%B0%E5%AD%A603.1506-Guanpeng-Andy-Xu.pdf,
2019,数学奖,铜奖,On maximum area of the polygons with given side lengths,http://www.yau-awards.science/wp-content/uploads/2019/01/%E6%95%B0%E5%AD%A613.871-%E8%83%A1%E6%80%A1%E5%8D%9A.pdf,
2019,数学奖,,On some types of the infinite product,http://www.yau-awards.science/wp-content/uploads/2019/01/%E6%95%B0%E5%AD%A607.428-%E5%8D%A2%E8%88%9F%E6%89%AC.pdf,
2019,数学奖,,A study on periodic points of tent maps,http://www.yau-awards.science/wp-content/uploads/2019/01/%E6%95%B0%E5%AD%A608.487-%E7%89%9B%E7%9D%BF%E6%9D%B0.pdf,
2019,数学奖,,Congruence of Linear Symplectic Forms by the Symplectic Group,http://www.yau-awards.science/wp-content/uploads/2019/01/%E6%95%B0%E5%AD%A609.536-%E6%96%BD%E9%99%86%E8%BE%B0.pdf,
2019,数学奖,,A property of integer-valued Lyapunov function for a class of totally nonnegative matrices,http://www.yau-awards.science/wp-content/uploads/2019/01/%E6%95%B0%E5%AD%A612.707-%E9%82%B1%E7%91%9E%E6%98%95.pdf,
2019,数学奖,优胜奖,Directed graph method for intelligent vehicle to orderly pass through unsignalized intersection and its application,http://www.yau-awards.science/wp-content/uploads/2019/01/%E6%95%B0%E5%AD%A619.1771-%E6%9D%8E%E5%88%A9%E9%91%AB.pdf,
2019,数学奖,,On the ranks and periods of Lucas Sequence modulo positive integers and their upper bounds,http://www.yau-awards.science/wp-content/uploads/2019/01/%E6%95%B0%E5%AD%A601.24-%E6%A2%81%E6%AC%A3%E7%84%B6.pdf,
2019,数学奖,,Hahn-Banach Theorem in Nuclear Mapping Spaces,http://www.yau-awards.science/wp-content/uploads/2019/01/%E6%95%B0%E5%AD%A604.92-%E8%91%A3%E5%B9%B3%E5%B7%9D.pdf,
2019,数学奖,,Parameter-dependent Integrals on Topological Spaces,http://www.yau-awards.science/wp-content/uploads/2019/01/%E6%95%B0%E5%AD%A605.335-%E5%91%A8%E7%91%9E%E9%93%AD.pdf,
2019,数学奖,,A Better Upper Bound of the Hausdorff Measure of the Cartesian Product of the Middle Third Cantor Set with Itself,http://www.yau-awards.science/wp-content/uploads/2019/01/%E6%95%B0%E5%AD%A610.542%E8%8C%83%E9%9B%A8%E8%BE%B0.pdf,
2019,数学奖,,The random-probability transformation of two-color balls on a circumference,http://www.yau-awards.science/wp-content/uploads/2019/01/%E6%95%B0%E5%AD%A611.660-%E5%BC%A0%E8%AF%9A%E8%B7%83.pdf,
2019,数学奖,,The Behavior of Iterations of Compositions of Inversions Preserving a Circle,http://www.yau-awards.science/wp-content/uploads/2019/01/%E6%95%B0%E5%AD%A614.1176-%E9%99%88%E4%B8%80%E7%A5%AF.pdf,
2019,数学奖,,Remark on the paper ” Fluctuations in the distribution of Hecke eigenvalues about the Sato-Tate measure”,http://www.yau-awards.science/wp-content/uploads/2019/01/%E6%95%B0%E5%AD%A616.1504-%E5%AD%99%E7%8E%8F%E6%B6%B5.pdf,
2019,数学奖,,The generalization of Finsler-Hadwiger’s inequality on generalized hyperbolic triangles and its appilications,http://www.yau-awards.science/wp-content/uploads/2019/01/%E6%95%B0%E5%AD%A617.66-%E5%88%98%E9%A2%96%E6%AC%A3.pdf,
2019,数学奖,入围奖,The Multi-objective Optimization of Predicative Scheduling for High Profitable Passengers Seeking Based onSpatial-temporal feature of Taxi GPS Big Data,http://www.yau-awards.science/wp-content/uploads/2019/01/%E6%95%B0%E5%AD%A618.1539-%E6%96%B9%E4%B9%A6%E7%94%B0.pdf,
2019,物理奖,金奖,The Study of Movement Models of Chinese Traditional Water Sleeves,http://www.yau-awards.science/wp-content/uploads/2019/01/%E7%89%A9%E7%90%8615.1210-%E6%9D%8E%E7%9F%A5%E8%AF%9A.pdf,
2019,物理奖,,The Winding Pendulum Phenomenon-A study on pendula with azimuthal-length constraint,http://www.yau-awards.science/wp-content/uploads/2019/01/%E7%89%A9%E7%90%8602.320-%E6%9D%8E%E5%85%86%E4%BA%BF.pdf,
2019,物理奖,,Study on the conductive property of flat sample with hole,http://www.yau-awards.science/wp-content/uploads/2019/01/%E7%89%A9%E7%90%8614.785-%E8%8B%97%E8%BE%B0%E9%A3%9E.pdf,
2019,物理奖,,Investigation on the dynamics of friction induced reciprocation,http://www.yau-awards.science/wp-content/uploads/2019/01/%E7%89%A9%E7%90%8606.442-%E9%BB%84%E9%9B%A8%E8%A1%A1.pdf,
2019,物理奖,银奖,Experiment study on motion mechanism of a straw placed in carbonated water,http://www.yau-awards.science/wp-content/uploads/2019/01/%E7%89%A9%E7%90%8601.1351-%E8%92%8B%E5%AE%89%E5%B0%A7.pdf,
2019,物理奖,,The Frequency Analysis and Resonance Simulation of Khoomei Singing,http://www.yau-awards.science/wp-content/uploads/2019/01/%E7%89%A9%E7%90%8610.811-%E7%8E%8B%E9%9D%96.pdf,
2019,物理奖,,Investigating the Aerodynamic Performance of Biomimetic Gliders for Use in Future Transportation,http://www.yau-awards.science/wp-content/uploads/2019/01/%E7%89%A9%E7%90%8609.1137-Wang-Jiwei.pdf,
2019,物理奖,,Rotation Study of Soft Magnetic Alloy Ring Under Thermo-Magnetic Interaction,http://www.yau-awards.science/wp-content/uploads/2019/01/%E7%89%A9%E7%90%8608.663-%E6%9D%8E%E5%B2%9A%E5%87%87.pdf,
2019,物理奖,,Study on the Mechanism of the Forepart of the Sneakers Getting Wet when Walking on the Road with Standing Water,http://www.yau-awards.science/wp-content/uploads/2019/01/%E7%89%A9%E7%90%8604.409-%E5%90%B4%E6%A2%93%E8%B1%AA.pdf,
2019,物理奖,优胜奖,The rolling motion of constrained three-dimensional rigid bodies,http://www.yau-awards.science/wp-content/uploads/2019/01/%E7%89%A9%E7%90%8603.378-%E6%9D%A8%E6%82%A6%E5%AE%81.pdf,
2019,物理奖,,Study on Artificial Bone Design Based on Topology Optimization and Variable-density Lattice Material,http://www.yau-awards.science/wp-content/uploads/2019/01/%E7%89%A9%E7%90%8605.417-%E5%8F%B6%E5%AE%B6%E5%8D%87.pdf,
2019,物理奖,,Effects of Ultrasonic Sensitizing Agents and interfacial Roughness on Ultrasonic Welding Strength and Efficiency of Polypropylene,http://www.yau-awards.science/wp-content/uploads/2019/01/%E7%89%A9%E7%90%8607.508-%E5%BC%A0%E8%88%92%E6%B6%B5.pdf,
2019,物理奖,,Exploration and application of the characteristics of butterflies in angle-resolved color,http://www.yau-awards.science/wp-content/uploads/2019/01/%E7%89%A9%E7%90%8611.833-%E5%BE%90%E5%AE%81%E8%87%B4.pdf,
2019,物理奖,,Design and Experimental Realization of Acoustic Invisibility Cloak with Phononic Crystal Structure,http://www.yau-awards.science/wp-content/uploads/2019/01/%E7%89%A9%E7%90%8612.855-%E6%9D%8E%E5%BF%83%E6%9C%88.pdf,
2019,物理奖,,Broadband Ferromagnetic Resonance of Magnetic Insulator Thin Films and Bilayers: Effect of Overlayer on Spin Dynamics,http://www.yau-awards.science/wp-content/uploads/2019/01/%E7%89%A9%E7%90%8613.979-Jimmy-Shi.pdf,
2019,物理奖,入围奖,Principle and Design of Optical Path for Ultra-short Femtosecond Laser Pulse Width Measurement,http://www.yau-awards.science/wp-content/uploads/2019/01/%E7%89%A9%E7%90%8616.211-%E5%91%A8%E4%B8%8A%E8%88%AA.pdf,
2019,生物奖,金奖,Designed 3D scanning system to achieve the spatial uniformity of the optimal pressure value of pressure therapy,http://www.yau-awards.science/wp-content/uploads/2019/01/%E7%94%9F%E7%89%A905.591-%E8%A9%B9%E6%9E%97.pdf,
2019,生物奖,,A novel path employing luminescent bacteria as a light source to improve the growth of microalgae in bioflim-based cultivation,http://www.yau-awards.science/wp-content/uploads/2019/01/%E7%94%9F%E7%89%A908.815-%E7%8E%8B%E9%94%A6%E8%8A%B8.pdf,
2019,生物奖,银奖,The reduction of Caenorhabditis elegans offspring’s learning ability caused by ethanol stimulation and possible correlations with epigenetic modification of synaptic function-related genes,http://www.yau-awards.science/wp-content/uploads/2019/01/%E7%94%9F%E7%89%A903.441-%E6%9D%8E%E6%BB%9F%E8%94%9A.pdf,
2019,生物奖,,Construction and characterization of a bio-detector for inflammatory bowel disease,http://www.yau-awards.science/wp-content/uploads/2019/01/%E7%94%9F%E7%89%A901.362-%E9%83%AD%E7%82%9C%E8%88%AA.pdf,
2019,生物奖,铜奖,Study on a Novel Analgesic Peptide from the Digestive Juice of Land Leeches,http://www.yau-awards.science/wp-content/uploads/2019/01/%E7%94%9F%E7%89%A910.-860-%E6%9B%BE%E6%99%A8%E5%B8%8C.pdf,
2019,生物奖,,Identification of the gene deficiency responsible for white-flowered butterfly pea and potential applications for genetic engineering of flower color,http://www.yau-awards.science/wp-content/uploads/2019/01/%E7%94%9F%E7%89%A911.-867-%E5%BE%90%E7%93%AF%E6%BA%90.pdf,
2019,生物奖,,Research on the Effects of Plant Audio  Technology on the Growth and Pathogenicity of Fungi—— A New Physical Sterilization Technology,http://www.yau-awards.science/wp-content/uploads/2019/01/%E7%94%9F%E7%89%A909.-850-%E8%B0%A2%E6%89%BF%E7%BF%B0.pdf,
2019,生物奖,,A new discovery of the key stress protein HSP90 in regulating the regenerative ability of the planarian,http://www.yau-awards.science/wp-content/uploads/2019/01/%E7%94%9F%E7%89%A906.715-%E9%82%B9%E6%99%AE%E8%B6%8A.pdf,
2019,生物奖,,A Preliminary Study of a New Inoculation Method for “Jinhua” Fungus on Fermented Fu Tea,http://www.yau-awards.science/wp-content/uploads/2019/01/%E7%94%9F%E7%89%A904.525-%E6%9D%8E%E4%BE%9D%E7%84%B6.pdf,
2019,生物奖,优胜奖,Isolation of antiphytopathogenic bacteria from soils in Beijing and initial investigation of their antifungal activity,http://www.yau-awards.science/wp-content/uploads/2019/01/%E7%94%9F%E7%89%A902.435-%E5%BC%A0%E6%96%87%E7%91%9E.pdf,
2019,生物奖,,"Catalitaxol, a Novel Compound with Remarkable Anticancer Activity from the Endophytic Fungus FSN02",http://www.yau-awards.science/wp-content/uploads/2019/01/%E7%94%9F%E7%89%A907.786-%E8%8B%97%E8%BE%B0%E9%A3%9E.pdf,
2019,生物奖,入围奖,Discovery of a new way for efficient synthesis of nano-selenium by microalgae,http://www.yau-awards.science/wp-content/uploads/2019/01/%E7%94%9F%E7%89%A912.-1135-%E9%98%B3%E4%B9%90.pdf,
2019,经济金融建模奖,,The Role of Big Data in Smart Tourism: A Case Study of Understanding Museum Visiting Behavior,http://www.yau-awards.science/wp-content/uploads/2019/01/%E7%BB%8F%E6%B5%8E11.1807-%E5%90%B4%E4%B8%96%E6%82%A0.pdf,
2019,经济金融建模奖,银奖,The Modeling of Water Resources in China,http://www.yau-awards.science/wp-content/uploads/2019/01/%E7%BB%8F%E6%B5%8E12.1721-%E8%B5%B5%E6%9C%AA%E6%9D%A5.pdf,
2019,经济金融建模奖,,How to Mitigate the Influence of Market Competition on Financing Constraints of Small and Medium-sized Enterprises,http://www.yau-awards.science/wp-content/uploads/2019/01/%E7%BB%8F%E6%B5%8E09.1829-%E7%BF%9F%E7%91%9E%E6%9D%B0.pdf,
2019,经济金融建模奖,,Ladder-pricing Eases National Day Holiday Highway Congestion——Mathematical Model Of Consumer Behavior Based On The Perspective Of Price Discrimination,http://www.yau-awards.science/wp-content/uploads/2019/01/%E7%BB%8F%E6%B5%8E04.-1623-%E5%91%A8%E6%80%9D%E8%BF%9C.pdf,
2019,经济金融建模奖,铜奖,A Study on Constructing Credit Card Fraud Detection Models,http://www.yau-awards.science/wp-content/uploads/2019/01/%E7%BB%8F%E6%B5%8E01.1588-%E9%99%B6%E9%87%8D%E5%B9%B4.pdf,
2019,经济金融建模奖,,A Comparative Study on Online and Offline Pricing of Chain Brand Merchant on the Catering Takeaway Platform,http://www.yau-awards.science/wp-content/uploads/2019/01/%E7%BB%8F%E6%B5%8E13.1835-%E6%9D%A8%E8%8B%A5%E6%9B%A6.pdf,
2019,经济金融建模奖,,A Discussion on Inverted-U Shape Relationship between Social Autonomous Consumption and Medical Insurance Fund Size,http://www.yau-awards.science/wp-content/uploads/2019/01/%E7%BB%8F%E6%B5%8E08.1714-%E7%AB%A5%E5%9F%B9%E8%BD%A9.pdf,
2019,经济金融建模奖,,The Effect of the Bitcoins Inclusion of on a Port folio Typical to Chinese Investors,http://www.yau-awards.science/wp-content/uploads/2019/01/%E7%BB%8F%E6%B5%8E06.1838-%E5%BE%90%E4%BB%95%E9%9B%84.pdf,
2019,经济金融建模奖,,Some Empirical Studies on Chinese Crude Oil Futures,http://www.yau-awards.science/wp-content/uploads/2019/01/%E7%BB%8F%E6%B5%8E05.1642-Lixin-Huang.pdf,
2019,经济金融建模奖,优胜奖,Evaluation and Prediction of Cell Phone Sales Based on Various Techniques,http://www.yau-awards.science/wp-content/uploads/2019/01/%E7%BB%8F%E6%B5%8E03.1599-%E7%94%B0%E8%82%87%E9%98%B3.pdf,
2019,经济金融建模奖,,The Influence of Framing Effects on Consumer Decision-Making on Online Platforms,http://www.yau-awards.science/wp-content/uploads/2019/01/%E7%BB%8F%E6%B5%8E02.1526-%E8%83%A1%E9%80%B8%E9%98%B3.pdf,
2019,经济金融建模奖,,Research on Optimization Model of Commuter Vehicle Transportation Cost for Large Enterprises,http://www.yau-awards.science/wp-content/uploads/2019/01/%E7%BB%8F%E6%B5%8E07.1662-%E7%89%9B%E4%B8%80%E5%90%8D.pdf,
2019,经济金融建模奖,,Research on the influence of family education input on academic achievement of Urban Senior Middle School Students,http://www.yau-awards.science/wp-content/uploads/2019/01/%E7%BB%8F%E6%B5%8E10.1787-%E5%88%98%E7%A6%B9%E6%90%8F.pdf,
2019,经济金融建模奖,,Investors’ Subjective Cognition of CEOs’ Abilities and Stock Price Volatility: Evidence from China,http://www.yau-awards.science/wp-content/uploads/2019/01/%E7%BB%8F%E6%B5%8E14.1653-%E9%99%88%E9%B9%8F%E9%A3%9E.pdf,
2019,计算机奖,金奖,SO2 emission prediction of Huangtai power plant using variable selection and BP nerual network,http://www.yau-awards.science/wp-content/uploads/2019/01/%E8%AE%A1%E7%AE%97%E6%9C%BA13.1205-%E6%9D%8E%E4%B8%9C%E5%B3%B0.pdf,
2019,计算机奖,银奖,Bicycle-sharing Smart Lock System,http://www.yau-awards.science/wp-content/uploads/2019/01/%E8%AE%A1%E7%AE%97%E6%9C%BA11.990-%E5%8D%9E%E6%80%9D%E5%A9%89.pdf,
2019,计算机奖,,Table tennis recognition and positioning based on monocular vision and Faster-RCNN,http://www.yau-awards.science/wp-content/uploads/2019/01/%E8%AE%A1%E7%AE%97%E6%9C%BA14.221-%E7%B6%A6%E5%AE%B6%E6%B7%B3.pdf,
2019,计算机奖,,Binary Reed-Solomon Coding Based Secure Distributed Storage Scheme and Test-Bed for Information-Centric Fog Networks,http://www.yau-awards.science/wp-content/uploads/2019/01/%E8%AE%A1%E7%AE%97%E6%9C%BA10.909-%E8%88%92%E7%83%A8.pdf,
2019,计算机奖,铜奖,Deep Neural Network Based Subspace Learning of Robotic Manipulator Workspace Mapping,http://www.yau-awards.science/wp-content/uploads/2019/01/%E8%AE%A1%E7%AE%97%E6%9C%BA04.20-%E5%BB%96%E5%9F%B9%E5%85%83.pdf,
2019,计算机奖,,Active Learning over DNN: Automated Engineering Design Optimization for Fluid Dynamics Based on Self-Simulated Dataset,http://www.yau-awards.science/wp-content/uploads/2019/01/%E8%AE%A1%E7%AE%97%E6%9C%BA09.796-Yang-Chen.pdf,
2019,计算机奖,,Translation system from natural language to sign language by using HamNoSys,http://www.yau-awards.science/wp-content/uploads/2019/01/%E8%AE%A1%E7%AE%97%E6%9C%BA07.628-%E5%BA%B7%E5%93%B2%E6%B6%B5.pdf,
2019,计算机奖,,Compound Object-Detection Algorithm for Eye Tracking in Virtual Reality Head-Mounted Display,http://www.yau-awards.science/wp-content/uploads/2019/01/%E8%AE%A1%E7%AE%97%E6%9C%BA06.587-%E6%A2%85%E6%AF%85%E8%BD%A9.pdf,
2019,计算机奖,,Domain Knowledge Graph Integrated Intelligent Question Answering System For Childcare,http://www.yau-awards.science/wp-content/uploads/2019/01/%E8%AE%A1%E7%AE%97%E6%9C%BA05.526-%E5%BE%90%E8%8A%B7%E6%B6%B5.pdf,
2019,计算机奖,,LittleGAN: Conditional Facial Image Generation and Adjustment,http://www.yau-awards.science/wp-content/uploads/2019/01/%E8%AE%A1%E7%AE%97%E6%9C%BA01.445-%E8%92%99%E6%B0%B8%E7%BF%94.pdf,
2019,计算机奖,,Predicting Bike Sharing Demand Using Deep LSTMs,http://www.yau-awards.science/wp-content/uploads/2019/01/%E8%AE%A1%E7%AE%97%E6%9C%BA02.1368-%E6%BD%98%E8%A8%80.pdf,
2019,计算机奖,,Dynamic Early Warning Operation System Based on Variable Sharing,http://www.yau-awards.science/wp-content/uploads/2019/01/%E8%AE%A1%E7%AE%97%E6%9C%BA03.374-%E6%9D%8E%E6%B3%BD%E8%BD%A9.pdf,
2019,计算机奖,,Utilizing deep learning models for classification of motor imagery EEG signals,http://www.yau-awards.science/wp-content/uploads/2019/01/%E8%AE%A1%E7%AE%97%E6%9C%BA08.647-%E5%90%95%E8%A1%8C%E5%81%A5.pdf,
2019,计算机奖,入围奖,Developing a Portable Telerehabilitation system for Knee Replacement Patients,http://www.yau-awards.science/wp-content/uploads/2019/01/%E8%AE%A1%E7%AE%97%E6%9C%BA12.1124-Chua-Shao-Cong.pdf,
